{"cameraMode":{"drawMode":0,"name":"Shaded","section":"Shading Mode"},"sceneLighting":false,"audioPlay":false,"sceneViewState":{"showFog":true,"showMaterialUpdate":true,"showSkybox":false,"showFlares":true,"showImageEffects":true,"showParticleSystems":true},"in2DMode":false,"pivot":{"x":-0.03761282563209534,"y":0.010110020637512207,"z":0.17081069946289063},"rotation":{"x":-0.02529056929051876,"y":-0.9522382616996765,"z":0.29299718141555788,"w":-0.08219131082296372},"size":5.848177909851074,"orthographic":true}