{"cameraMode":{"drawMode":0,"name":"Shaded","section":"Shading Mode"},"sceneLighting":false,"audioPlay":false,"sceneViewState":{"showFog":true,"showMaterialUpdate":true,"showSkybox":false,"showFlares":true,"showImageEffects":true,"showParticleSystems":true},"in2DMode":false,"pivot":{"x":3.5537109375,"y":1.6754150390625,"z":2.4406814575195314},"rotation":{"x":-0.00009979965398088098,"y":0.9998978972434998,"z":-0.008999195881187916,"w":-0.011101347394287587},"size":4.755007266998291,"orthographic":true}