{"cameraMode":{"drawMode":0,"name":"Shaded","section":"Shading Mode"},"sceneLighting":false,"audioPlay":false,"sceneViewState":{"showFog":true,"showMaterialUpdate":true,"showSkybox":false,"showFlares":true,"showImageEffects":true,"showParticleSystems":true},"in2DMode":false,"pivot":{"x":-0.0226898193359375,"y":0.2663799226284027,"z":-0.08455848693847656},"rotation":{"x":-0.03640584647655487,"y":-0.9635796546936035,"z":0.18431605398654939,"w":-0.1903066337108612},"size":1.3646939992904664,"orthographic":true}